CREATE DATABASE  IF NOT EXISTS `loja` /*!40100 DEFAULT CHARACTER SET utf8 */;
USE `loja`;
-- MySQL dump 10.13  Distrib 5.6.13, for Win32 (x86)
--
-- Host: localhost    Database: loja
-- ------------------------------------------------------
-- Server version	5.6.15

/*!40101 SET @OLD_CHARACTER_SET_CLIENT=@@CHARACTER_SET_CLIENT */;
/*!40101 SET @OLD_CHARACTER_SET_RESULTS=@@CHARACTER_SET_RESULTS */;
/*!40101 SET @OLD_COLLATION_CONNECTION=@@COLLATION_CONNECTION */;
/*!40101 SET NAMES utf8 */;
/*!40103 SET @OLD_TIME_ZONE=@@TIME_ZONE */;
/*!40103 SET TIME_ZONE='+00:00' */;
/*!40014 SET @OLD_UNIQUE_CHECKS=@@UNIQUE_CHECKS, UNIQUE_CHECKS=0 */;
/*!40014 SET @OLD_FOREIGN_KEY_CHECKS=@@FOREIGN_KEY_CHECKS, FOREIGN_KEY_CHECKS=0 */;
/*!40101 SET @OLD_SQL_MODE=@@SQL_MODE, SQL_MODE='NO_AUTO_VALUE_ON_ZERO' */;
/*!40111 SET @OLD_SQL_NOTES=@@SQL_NOTES, SQL_NOTES=0 */;

--
-- Table structure for table `categoria`
--

DROP TABLE IF EXISTS `categoria`;
/*!40101 SET @saved_cs_client     = @@character_set_client */;
/*!40101 SET character_set_client = utf8 */;
CREATE TABLE `categoria` (
  `idcategoria` int(11) NOT NULL AUTO_INCREMENT,
  `categoria` varchar(45) DEFAULT NULL,
  PRIMARY KEY (`idcategoria`)
) ENGINE=InnoDB AUTO_INCREMENT=5 DEFAULT CHARSET=utf8;
/*!40101 SET character_set_client = @saved_cs_client */;

--
-- Dumping data for table `categoria`
--

LOCK TABLES `categoria` WRITE;
/*!40000 ALTER TABLE `categoria` DISABLE KEYS */;
INSERT INTO `categoria` VALUES (1,'informatica'),(2,'eletronicos'),(3,'telefones e celulares'),(4,'eletrodomestico');
/*!40000 ALTER TABLE `categoria` ENABLE KEYS */;
UNLOCK TABLES;

--
-- Table structure for table `cliente`
--

DROP TABLE IF EXISTS `cliente`;
/*!40101 SET @saved_cs_client     = @@character_set_client */;
/*!40101 SET character_set_client = utf8 */;
CREATE TABLE `cliente` (
  `idcliente` int(11) NOT NULL AUTO_INCREMENT,
  `cliente` varchar(45) DEFAULT NULL,
  `telefone` varchar(45) DEFAULT NULL,
  `endereco` varchar(45) DEFAULT NULL,
  PRIMARY KEY (`idcliente`)
) ENGINE=InnoDB AUTO_INCREMENT=8 DEFAULT CHARSET=utf8;
/*!40101 SET character_set_client = @saved_cs_client */;

--
-- Dumping data for table `cliente`
--

LOCK TABLES `cliente` WRITE;
/*!40000 ALTER TABLE `cliente` DISABLE KEYS */;
INSERT INTO `cliente` VALUES (1,'Ana Maria','987870909','Rua das Flores, 21'),(2,'Claudia','976689090','Rua Godinho Jr., 34'),(3,'Luciana Rossi','945456677','Av. Marcus Vilaça, 100'),(4,'Deborah Fonseca','999008877','Av. Ferraz Vasconcelo, 44');
/*!40000 ALTER TABLE `cliente` ENABLE KEYS */;
UNLOCK TABLES;

--
-- Table structure for table `pizzas`
--

DROP TABLE IF EXISTS `pizzas`;
/*!40101 SET @saved_cs_client     = @@character_set_client */;
/*!40101 SET character_set_client = utf8 */;
CREATE TABLE `pizzas` (
  `idpizzas` int(11) NOT NULL,
  `pizzas` varchar(45) DEFAULT NULL,
  `valor` double DEFAULT NULL,
  PRIMARY KEY (`idpizzas`)
) ENGINE=InnoDB DEFAULT CHARSET=utf8;
/*!40101 SET character_set_client = @saved_cs_client */;

--
-- Dumping data for table `pizzas`
--

LOCK TABLES `pizzas` WRITE;
/*!40000 ALTER TABLE `pizzas` DISABLE KEYS */;
/*!40000 ALTER TABLE `pizzas` ENABLE KEYS */;
UNLOCK TABLES;

--
-- Table structure for table `produtos`
--

DROP TABLE IF EXISTS `produtos`;
/*!40101 SET @saved_cs_client     = @@character_set_client */;
/*!40101 SET character_set_client = utf8 */;
CREATE TABLE `produtos` (
  `idprodutos` int(11) NOT NULL AUTO_INCREMENT,
  `idcategoria` int(11) DEFAULT NULL,
  `codigo` int(11) DEFAULT NULL,
  `produto` varchar(45) DEFAULT NULL,
  `preco` double DEFAULT NULL,
  `estoque` int(11) DEFAULT NULL,
  PRIMARY KEY (`idprodutos`),
  KEY `idcategoria_idx` (`idcategoria`),
  CONSTRAINT `idcategoria` FOREIGN KEY (`idcategoria`) REFERENCES `categoria` (`idcategoria`) ON DELETE NO ACTION ON UPDATE NO ACTION
) ENGINE=InnoDB AUTO_INCREMENT=18 DEFAULT CHARSET=utf8;
/*!40101 SET character_set_client = @saved_cs_client */;

--
-- Dumping data for table `produtos`
--

LOCK TABLES `produtos` WRITE;
/*!40000 ALTER TABLE `produtos` DISABLE KEYS */;
INSERT INTO `produtos` VALUES (1,1,100,'DVD-Sony',NULL,NULL),(2,1,110,'Netbook W7010',1299,20),(3,1,120,'Multifuncional Laserjet M1120',749,12),(4,2,130,'TV 42 LCD Full HD',2400,9),(5,2,140,'Home Theater Wireless 5.1',1799,100),(6,2,150,'GPS Automotivo',599,15),(7,4,160,'Refrigerador Frost Free',1490,16),(8,4,170,'Condicionador de Ar Split',2490,17),(9,4,190,'Filmadora',999,11),(10,1,100,'DVD-Sony',NULL,NULL),(11,1,110,'Netbook W7010',1299,11),(12,1,120,'Multifuncional Laserjet M1120',749,12),(13,2,130,'TV 42 LCD Full HD',2598,13),(14,2,140,'Home Theater Wireless 5.1',1799,14),(15,2,150,'GPS Automotivo',599,15),(16,4,160,'Refrigerador Frost Free',1490,16),(17,4,170,'Condicionador de Ar Split',2490,17);
/*!40000 ALTER TABLE `produtos` ENABLE KEYS */;
UNLOCK TABLES;

--
-- Dumping routines for database 'loja'
--
/*!50003 DROP PROCEDURE IF EXISTS `alterar` */;
/*!50003 SET @saved_cs_client      = @@character_set_client */ ;
/*!50003 SET @saved_cs_results     = @@character_set_results */ ;
/*!50003 SET @saved_col_connection = @@collation_connection */ ;
/*!50003 SET character_set_client  = utf8 */ ;
/*!50003 SET character_set_results = utf8 */ ;
/*!50003 SET collation_connection  = utf8_general_ci */ ;
/*!50003 SET @saved_sql_mode       = @@sql_mode */ ;
/*!50003 SET sql_mode              = 'STRICT_TRANS_TABLES,NO_AUTO_CREATE_USER,NO_ENGINE_SUBSTITUTION' */ ;
DELIMITER ;;
CREATE DEFINER=`root`@`localhost` PROCEDURE `alterar`(in Cliente varchar(100), Telefone varchar(25), Endereco varchar(100), Id int)
begin
	update cliente set cliente = Cliente, telefone = Telefone, endereco = Endereco where idcliente = Id;
end ;;
DELIMITER ;
/*!50003 SET sql_mode              = @saved_sql_mode */ ;
/*!50003 SET character_set_client  = @saved_cs_client */ ;
/*!50003 SET character_set_results = @saved_cs_results */ ;
/*!50003 SET collation_connection  = @saved_col_connection */ ;
/*!50003 DROP PROCEDURE IF EXISTS `deletar` */;
/*!50003 SET @saved_cs_client      = @@character_set_client */ ;
/*!50003 SET @saved_cs_results     = @@character_set_results */ ;
/*!50003 SET @saved_col_connection = @@collation_connection */ ;
/*!50003 SET character_set_client  = utf8 */ ;
/*!50003 SET character_set_results = utf8 */ ;
/*!50003 SET collation_connection  = utf8_general_ci */ ;
/*!50003 SET @saved_sql_mode       = @@sql_mode */ ;
/*!50003 SET sql_mode              = 'STRICT_TRANS_TABLES,NO_AUTO_CREATE_USER,NO_ENGINE_SUBSTITUTION' */ ;
DELIMITER ;;
CREATE DEFINER=`root`@`localhost` PROCEDURE `deletar`(in Id int)
begin
	DELETE FROM cliente WHERE idcliente = Id;
end ;;
DELIMITER ;
/*!50003 SET sql_mode              = @saved_sql_mode */ ;
/*!50003 SET character_set_client  = @saved_cs_client */ ;
/*!50003 SET character_set_results = @saved_cs_results */ ;
/*!50003 SET collation_connection  = @saved_col_connection */ ;
/*!50003 DROP PROCEDURE IF EXISTS `filtro` */;
/*!50003 SET @saved_cs_client      = @@character_set_client */ ;
/*!50003 SET @saved_cs_results     = @@character_set_results */ ;
/*!50003 SET @saved_col_connection = @@collation_connection */ ;
/*!50003 SET character_set_client  = utf8 */ ;
/*!50003 SET character_set_results = utf8 */ ;
/*!50003 SET collation_connection  = utf8_general_ci */ ;
/*!50003 SET @saved_sql_mode       = @@sql_mode */ ;
/*!50003 SET sql_mode              = 'STRICT_TRANS_TABLES,NO_AUTO_CREATE_USER,NO_ENGINE_SUBSTITUTION' */ ;
DELIMITER ;;
CREATE DEFINER=`root`@`localhost` PROCEDURE `filtro`(in filtro varchar(50))
begin
if filtro = null then
	select * from cliente;
else
	select * from cliente where cliente like (concat('%',filtro ,'%')) or
	telefone like (concat('%',filtro ,'%')) or
	endereco like (concat('%',filtro ,'%'));
end if;
	
end ;;
DELIMITER ;
/*!50003 SET sql_mode              = @saved_sql_mode */ ;
/*!50003 SET character_set_client  = @saved_cs_client */ ;
/*!50003 SET character_set_results = @saved_cs_results */ ;
/*!50003 SET collation_connection  = @saved_col_connection */ ;
/*!50003 DROP PROCEDURE IF EXISTS `inserir` */;
/*!50003 SET @saved_cs_client      = @@character_set_client */ ;
/*!50003 SET @saved_cs_results     = @@character_set_results */ ;
/*!50003 SET @saved_col_connection = @@collation_connection */ ;
/*!50003 SET character_set_client  = utf8 */ ;
/*!50003 SET character_set_results = utf8 */ ;
/*!50003 SET collation_connection  = utf8_general_ci */ ;
/*!50003 SET @saved_sql_mode       = @@sql_mode */ ;
/*!50003 SET sql_mode              = 'STRICT_TRANS_TABLES,NO_AUTO_CREATE_USER,NO_ENGINE_SUBSTITUTION' */ ;
DELIMITER ;;
CREATE DEFINER=`root`@`localhost` PROCEDURE `inserir`(in Cliente varchar(100), Telefone varchar(25), Endereco varchar(100))
begin
	INSERT INTO cliente(cliente,telefone,endereco)VALUES(Cliente,Telefone,Endereco);
end ;;
DELIMITER ;
/*!50003 SET sql_mode              = @saved_sql_mode */ ;
/*!50003 SET character_set_client  = @saved_cs_client */ ;
/*!50003 SET character_set_results = @saved_cs_results */ ;
/*!50003 SET collation_connection  = @saved_col_connection */ ;
/*!50003 DROP PROCEDURE IF EXISTS `seleciona` */;
/*!50003 SET @saved_cs_client      = @@character_set_client */ ;
/*!50003 SET @saved_cs_results     = @@character_set_results */ ;
/*!50003 SET @saved_col_connection = @@collation_connection */ ;
/*!50003 SET character_set_client  = utf8 */ ;
/*!50003 SET character_set_results = utf8 */ ;
/*!50003 SET collation_connection  = utf8_general_ci */ ;
/*!50003 SET @saved_sql_mode       = @@sql_mode */ ;
/*!50003 SET sql_mode              = 'STRICT_TRANS_TABLES,NO_AUTO_CREATE_USER,NO_ENGINE_SUBSTITUTION' */ ;
DELIMITER ;;
CREATE DEFINER=`root`@`localhost` PROCEDURE `seleciona`()
begin
	select * from cliente;
end ;;
DELIMITER ;
/*!50003 SET sql_mode              = @saved_sql_mode */ ;
/*!50003 SET character_set_client  = @saved_cs_client */ ;
/*!50003 SET character_set_results = @saved_cs_results */ ;
/*!50003 SET collation_connection  = @saved_col_connection */ ;
/*!40103 SET TIME_ZONE=@OLD_TIME_ZONE */;

/*!40101 SET SQL_MODE=@OLD_SQL_MODE */;
/*!40014 SET FOREIGN_KEY_CHECKS=@OLD_FOREIGN_KEY_CHECKS */;
/*!40014 SET UNIQUE_CHECKS=@OLD_UNIQUE_CHECKS */;
/*!40101 SET CHARACTER_SET_CLIENT=@OLD_CHARACTER_SET_CLIENT */;
/*!40101 SET CHARACTER_SET_RESULTS=@OLD_CHARACTER_SET_RESULTS */;
/*!40101 SET COLLATION_CONNECTION=@OLD_COLLATION_CONNECTION */;
/*!40111 SET SQL_NOTES=@OLD_SQL_NOTES */;

-- Dump completed on 2014-05-15 20:38:34
